,Unnamed: 0,iso2,iso3,Admin2,Province_State,Country_Region,Lat,Long_,Combined_Key,1/22/20,1/23/20,1/24/20,1/25/20,1/26/20,1/27/20,1/28/20,1/29/20,1/30/20,1/31/20,2/1/20,2/2/20,2/3/20,2/4/20,2/5/20,2/6/20,2/7/20,2/8/20,2/9/20,2/10/20,2/11/20,2/12/20,2/13/20,2/14/20,2/15/20,2/16/20,2/17/20,2/18/20,2/19/20,2/20/20,2/21/20,2/22/20,2/23/20,2/24/20,2/25/20,2/26/20,2/27/20,2/28/20,2/29/20,3/1/20,3/2/20,3/3/20,3/4/20,3/5/20,3/6/20,3/7/20,3/8/20,3/9/20,3/10/20,3/11/20,3/12/20,3/13/20,3/14/20,3/15/20,3/16/20,3/17/20,3/18/20,3/19/20,3/20/20,3/21/20,3/22/20,3/23/20,3/24/20,3/25/20,3/26/20,3/27/20,3/28/20,3/29/20,3/30/20,3/31/20,4/1/20,4/2/20,4/3/20,4/4/20,4/5/20,4/6/20,4/7/20,4/8/20,4/9/20,4/10/20,4/11/20,4/12/20,4/13/20,4/14/20,4/15/20,4/16/20,4/17/20,4/18/20,4/19/20,4/20/20,4/21/20,4/22/20,4/23/20,4/24/20,4/25/20,4/26/20,4/27/20,4/28/20,4/29/20,4/30/20,5/1/20,5/2/20,5/3/20,5/4/20,5/5/20,5/6/20,5/7/20,5/8/20,5/9/20,5/10/20,5/11/20,5/12/20,5/13/20,5/14/20,5/15/20,5/16/20,5/17/20,5/18/20,5/19/20,5/20/20,5/21/20,5/22/20,5/23/20,5/24/20,5/25/20,5/26/20,5/27/20,5/28/20,5/29/20,5/30/20,5/31/20,6/1/20,6/2/20,6/3/20,6/4/20,6/5/20,6/6/20,6/7/20,6/8/20,6/9/20,6/10/20,6/11/20,6/12/20,6/13/20,6/14/20
789,794,US,USA,Adair,Iowa,US,41.33075609,-94.47105874,"Adair, Iowa, US",0,0,0,0,0,0,0,0,0,0,0,0,0,0,0,0,0,0,0,0,0,0,0,0,0,0,0,0,0,0,0,0,0,0,0,0,0,0,0,0,0,0,0,0,0,0,0,0,0,0,0,0,0,0,0,0,1,1,1,1,1,1,1,1,1,1,1,1,1,1,1,1,1,1,1,1,1,1,1,1,1,1,1,1,1,1,1,1,1,1,1,1,1,1,1,1,1,1,1,1,1,1,1,1,2,3,3,3,3,3,3,3,4,4,4,4,5,6,6,6,6,6,7,8,8,7,7,8,9,9,9,9,9,9,9,9,9,9,9,9,10,10,11,11,11
790,795,US,USA,Adams,Iowa,US,41.02903567,-94.69932645,"Adams, Iowa, US",0,0,0,0,0,0,0,0,0,0,0,0,0,0,0,0,0,0,0,0,0,0,0,0,0,0,0,0,0,0,0,0,0,0,0,0,0,0,0,0,0,0,0,0,0,0,0,0,0,0,0,0,0,0,0,0,0,0,0,0,0,0,0,0,0,0,0,0,0,0,0,0,0,0,0,0,0,0,0,0,0,0,0,0,0,0,0,0,0,0,0,0,0,0,0,0,0,0,0,0,0,0,0,0,0,0,0,0,0,0,0,0,0,0,0,0,1,1,1,2,3,4,4,5,5,5,7,7,7,7,7,7,7,7,7,7,7,7,7,7,7,7,7,7,7
791,796,US,USA,Allamakee,Iowa,US,43.28383218,-91.37860922,"Allamakee, Iowa, US",0,0,0,0,0,0,0,0,0,0,0,0,0,0,0,0,0,0,0,0,0,0,0,0,0,0,0,0,0,0,0,0,0,0,0,0,0,0,0,0,0,0,0,0,0,0,0,0,0,0,0,0,0,0,2,2,2,2,3,5,5,6,6,7,7,7,7,7,7,7,7,15,16,16,17,18,17,19,19,20,21,21,23,24,24,26,27,34,36,40,44,45,46,50,56,68,72,86,88,89,90,93,98,99,98,98,99,101,101,111,112,113,113,115,116,116,114,114,115,116,118,118,118,118,118,118,119,120,120,120,121,120,120,120,120,120,120,120,120,120,121,121,121,121,121
792,797,US,USA,Appanoose,Iowa,US,40.74324454,-92.86865906,"Appanoose, Iowa, US",0,0,0,0,0,0,0,0,0,0,0,0,0,0,0,0,0,0,0,0,0,0,0,0,0,0,0,0,0,0,0,0,0,0,0,0,0,0,0,0,0,0,0,0,0,0,0,0,0,0,0,0,0,0,0,0,0,0,0,0,0,0,0,0,1,1,1,1,1,1,1,1,1,1,1,1,1,1,1,1,1,1,1,1,1,2,2,2,2,2,2,2,2,2,2,2,2,2,2,2,3,3,3,4,4,4,6,6,6,6,6,7,7,7,7,7,8,8,8,8,8,8,9,12,12,13,13,14,14,15,15,14,14,14,17,17,17,17,16,16,16,16,16,16,16
793,798,US,USA,Audubon,Iowa,US,41.6844628,-94.90581859,"Audubon, Iowa, US",0,0,0,0,0,0,0,0,0,0,0,0,0,0,0,0,0,0,0,0,0,0,0,0,0,0,0,0,0,0,0,0,0,0,0,0,0,0,0,0,0,0,0,0,0,0,0,0,0,0,0,0,0,0,0,0,0,0,0,0,0,0,0,0,0,0,0,0,1,1,1,1,1,1,1,1,1,1,1,1,1,1,1,1,1,1,1,1,1,1,1,1,1,1,1,1,1,1,1,1,2,2,5,5,8,8,8,9,9,10,10,10,10,11,11,11,11,11,11,11,11,11,11,11,11,12,12,12,12,12,12,12,13,13,13,13,13,13,13,13,13,13,13,13,14
794,799,US,USA,Benton,Iowa,US,42.08011739,-92.06463573,"Benton, Iowa, US",0,0,0,0,0,0,0,0,0,0,0,0,0,0,0,0,0,0,0,0,0,0,0,0,0,0,0,0,0,0,0,0,0,0,0,0,0,0,0,0,0,0,0,0,0,0,0,0,0,0,0,0,0,0,0,0,0,0,0,0,0,0,0,2,2,3,4,4,7,7,7,7,7,7,9,10,11,12,15,15,16,17,20,20,19,20,21,21,23,23,24,24,24,25,26,27,27,30,30,31,31,32,33,34,34,34,35,34,34,35,35,35,35,36,37,36,36,36,36,36,37,37,37,37,37,39,39,39,40,41,43,43,43,44,43,43,43,44,45,46,46,46,46,46,46
795,800,US,USA,Black Hawk,Iowa,US,42.4704581,-92.30524729,"Black Hawk, Iowa, US",0,0,0,0,0,0,0,0,0,0,0,0,0,0,0,0,0,0,0,0,0,0,0,0,0,0,0,0,0,0,0,0,0,0,0,0,0,0,0,0,0,0,0,0,0,0,0,0,0,0,0,0,0,0,0,0,1,1,1,3,3,3,4,4,5,7,6,6,6,7,7,8,8,10,12,12,15,19,21,35,41,47,62,78,85,109,138,166,192,259,366,379,420,530,691,714,844,941,1082,1140,1195,1255,1306,1361,1378,1396,1450,1463,1477,1493,1512,1521,1528,1533,1548,1571,1587,1603,1628,1636,1654,1662,1669,1676,1682,1692,1713,1724,1730,1739,1746,1747,1759,1759,1775,1788,1789,1794,1801,1802,1813,1817,1824,1826,1834
796,801,US,USA,Boone,Iowa,US,42.03657094,-93.9313999,"Boone, Iowa, US",0,0,0,0,0,0,0,0,0,0,0,0,0,0,0,0,0,0,0,0,0,0,0,0,0,0,0,0,0,0,0,0,0,0,0,0,0,0,0,0,0,0,0,0,0,0,0,0,0,0,0,0,0,0,0,0,0,0,0,0,0,0,0,0,0,0,1,1,1,1,1,2,2,2,3,3,3,3,4,4,4,4,4,4,4,4,4,4,6,6,6,6,6,6,6,7,7,8,10,12,16,23,23,28,28,29,33,33,34,34,36,36,41,41,41,41,42,42,46,49,50,52,53,54,55,55,56,57,58,61,62,65,67,67,70,72,72,77,78,78,79,81,93,95,100
797,802,US,USA,Bremer,Iowa,US,42.77461496,-92.31795937,"Bremer, Iowa, US",0,0,0,0,0,0,0,0,0,0,0,0,0,0,0,0,0,0,0,0,0,0,0,0,0,0,0,0,0,0,0,0,0,0,0,0,0,0,0,0,0,0,0,0,0,0,0,0,0,0,0,0,0,0,0,0,0,0,0,0,0,0,0,0,0,0,0,0,0,0,0,1,1,2,2,2,2,2,2,2,3,3,4,9,9,10,23,26,26,28,32,33,34,35,38,41,45,48,50,51,51,52,53,55,55,55,56,57,58,58,58,60,62,62,63,64,64,64,65,65,65,65,67,67,67,67,67,67,69,69,70,69,69,69,70,71,71,72,74,74,74,74,74,74,74
798,803,US,USA,Buchanan,Iowa,US,42.4709188,-91.83510825,"Buchanan, Iowa, US",0,0,0,0,0,0,0,0,0,0,0,0,0,0,0,0,0,0,0,0,0,0,0,0,0,0,0,0,0,0,0,0,0,0,0,0,0,0,0,0,0,0,0,0,0,0,0,0,0,0,0,0,0,0,0,0,0,0,0,0,0,0,1,1,1,1,2,2,2,2,2,3,3,3,5,5,5,5,6,6,6,7,8,8,8,8,8,8,8,11,11,11,11,13,12,12,12,14,16,17,18,19,20,20,22,22,22,23,23,23,23,23,24,24,26,26,26,26,26,29,29,31,30,31,32,31,31,32,32,33,33,33,33,33,33,34,34,34,34,34,34,34,34,35,35
799,804,US,USA,Buena Vista,Iowa,US,42.73545875,-95.15100162,"Buena Vista, Iowa, US",0,0,0,0,0,0,0,0,0,0,0,0,0,0,0,0,0,0,0,0,0,0,0,0,0,0,0,0,0,0,0,0,0,0,0,0,0,0,0,0,0,0,0,0,0,0,0,0,0,0,0,0,0,0,0,0,0,0,0,0,0,0,0,0,0,0,0,0,0,0,0,0,0,0,0,0,0,1,1,1,2,2,2,2,2,2,2,2,2,2,2,2,3,3,3,4,4,4,4,4,6,6,8,11,15,16,18,32,30,31,39,41,45,74,83,82,102,113,117,124,134,140,227,231,243,252,682,702,721,735,783,810,852,918,997,1067,1112,1142,1212,1257,1343,1415,1475,1563,1588
800,805,US,USA,Butler,Iowa,US,42.73172833,-92.79015971,"Butler, Iowa, US",0,0,0,0,0,0,0,0,0,0,0,0,0,0,0,0,0,0,0,0,0,0,0,0,0,0,0,0,0,0,0,0,0,0,0,0,0,0,0,0,0,0,0,0,0,0,0,0,0,0,0,0,0,0,0,0,0,0,0,0,0,0,0,0,0,1,1,1,1,1,1,1,1,1,1,1,1,1,1,1,1,1,1,1,1,1,1,1,1,1,2,2,2,2,4,4,8,8,8,9,9,9,9,9,10,10,11,12,12,12,12,12,12,13,13,13,14,14,14,14,14,15,15,15,15,15,15,15,15,15,16,17,17,17,16,16,16,16,16,16,18,19,19,20,22
801,806,US,USA,Calhoun,Iowa,US,42.38521079,-94.64046046,"Calhoun, Iowa, US",0,0,0,0,0,0,0,0,0,0,0,0,0,0,0,0,0,0,0,0,0,0,0,0,0,0,0,0,0,0,0,0,0,0,0,0,0,0,0,0,0,0,0,0,0,0,0,0,0,0,0,0,0,0,0,0,0,0,0,0,0,0,0,0,0,0,0,0,0,0,0,0,0,0,0,0,0,0,0,0,0,0,0,0,0,0,0,0,0,0,0,0,0,0,0,0,0,0,0,0,1,1,1,1,1,1,1,1,1,1,1,1,1,1,1,1,1,1,2,2,2,2,2,2,2,2,2,2,2,2,2,2,3,4,6,10,11,14,13,14,16,17,19,20,23
802,807,US,USA,Carroll,Iowa,US,42.03617207,-94.86032705,"Carroll, Iowa, US",0,0,0,0,0,0,0,0,0,0,0,0,0,0,0,0,0,0,0,0,0,0,0,0,0,0,0,0,0,0,0,0,0,0,0,0,0,0,0,0,0,0,0,0,0,0,0,0,0,0,0,1,1,1,1,1,1,1,1,1,1,1,1,1,1,1,1,1,1,1,1,1,1,1,1,1,1,1,1,1,1,1,1,1,1,1,1,1,1,1,1,1,1,1,1,1,1,1,1,2,2,3,5,5,5,5,5,6,6,6,6,6,7,8,8,8,8,8,7,7,7,8,8,9,9,9,9,9,9,9,10,11,12,13,13,15,16,17,17,17,17,20,33,41,47
803,808,US,USA,Cass,Iowa,US,41.33149454,-94.92792482,"Cass, Iowa, US",0,0,0,0,0,0,0,0,0,0,0,0,0,0,0,0,0,0,0,0,0,0,0,0,0,0,0,0,0,0,0,0,0,0,0,0,0,0,0,0,0,0,0,0,0,0,0,0,0,0,0,0,0,0,0,0,0,0,0,0,0,0,0,0,0,0,0,0,0,0,0,0,0,0,0,0,0,0,0,0,0,0,1,1,1,1,1,1,1,1,1,1,1,1,1,1,1,1,1,1,1,1,1,1,1,1,1,1,1,1,1,1,1,1,1,1,2,2,2,3,6,6,10,11,11,11,11,11,12,12,12,12,12,12,12,13,13,13,13,13,13,14,13,14,14
804,809,US,USA,Cedar,Iowa,US,41.77233777,-91.13246684,"Cedar, Iowa, US",0,0,0,0,0,0,0,0,0,0,0,0,0,0,0,0,0,0,0,0,0,0,0,0,0,0,0,0,0,0,0,0,0,0,0,0,0,0,0,0,0,0,0,0,0,0,0,0,0,0,0,0,0,0,0,0,0,0,0,0,0,0,1,1,4,5,6,7,8,9,9,11,11,11,12,13,13,18,19,20,20,20,21,21,22,23,23,25,26,26,26,27,27,28,28,28,28,29,29,29,30,31,31,33,35,38,39,39,40,42,43,44,44,43,42,42,42,42,43,41,44,44,44,45,46,46,46,46,46,46,47,48,49,49,49,50,50,50,53,52,52,52,53,53,54
805,810,US,USA,Cerro Gordo,Iowa,US,43.08177563,-93.2612239,"Cerro Gordo, Iowa, US",0,0,0,0,0,0,0,0,0,0,0,0,0,0,0,0,0,0,0,0,0,0,0,0,0,0,0,0,0,0,0,0,0,0,0,0,0,0,0,0,0,0,0,0,0,0,0,0,0,0,0,0,0,0,0,0,0,0,0,0,2,2,2,2,2,3,4,6,7,7,8,10,10,10,10,12,12,12,13,13,13,13,13,14,14,14,14,14,14,14,14,14,14,14,14,14,14,14,14,14,14,14,14,14,14,14,14,14,15,14,14,14,14,15,15,17,18,18,17,20,19,20,21,22,22,22,22,25,27,28,29,29,29,30,33,33,34,34,32,32,36,39,40,42,42
806,811,US,USA,Cherokee,Iowa,US,42.73538914,-95.62389402,"Cherokee, Iowa, US",0,0,0,0,0,0,0,0,0,0,0,0,0,0,0,0,0,0,0,0,0,0,0,0,0,0,0,0,0,0,0,0,0,0,0,0,0,0,0,0,0,0,0,0,0,0,0,0,0,0,0,0,0,0,0,0,0,0,0,0,0,0,0,0,0,0,0,0,0,0,0,0,0,0,0,0,0,0,0,0,0,0,0,0,0,0,0,0,0,0,1,1,1,2,2,2,2,2,2,2,2,3,4,4,4,4,4,4,4,4,6,6,6,6,8,9,9,9,9,10,8,10,14,15,16,18,23,24,27,28,28,31,32,36,37,41,46,46,45,48,51,54,56,58,59
807,812,US,USA,Chickasaw,Iowa,US,43.06001295,-92.31773347,"Chickasaw, Iowa, US",0,0,0,0,0,0,0,0,0,0,0,0,0,0,0,0,0,0,0,0,0,0,0,0,0,0,0,0,0,0,0,0,0,0,0,0,0,0,0,0,0,0,0,0,0,0,0,0,0,0,0,0,0,0,0,0,0,0,0,0,0,0,0,0,0,0,0,0,0,0,0,0,0,0,0,1,1,1,2,2,2,2,2,2,2,2,2,2,3,3,3,3,3,3,4,4,4,4,5,5,5,5,5,5,6,6,6,6,6,6,7,7,7,7,7,7,7,7,7,8,8,8,8,8,8,8,8,8,10,10,10,10,12,12,13,13,13,13,15,15,15,15,15,15,15
808,813,US,USA,Clarke,Iowa,US,41.02868181,-93.78499767,"Clarke, Iowa, US",0,0,0,0,0,0,0,0,0,0,0,0,0,0,0,0,0,0,0,0,0,0,0,0,0,0,0,0,0,0,0,0,0,0,0,0,0,0,0,0,0,0,0,0,0,0,0,0,0,0,0,0,0,0,0,0,0,0,0,0,0,0,0,0,0,0,0,0,0,0,0,0,0,0,1,1,1,1,1,2,2,2,2,2,2,2,2,3,2,2,2,2,2,2,2,2,2,2,2,2,2,2,3,3,3,3,4,5,5,6,8,8,9,11,11,14,17,18,23,23,25,29,30,32,35,35,40,45,50,53,55,56,62,64,66,69,71,75,75,78,83,85,86,87,88
809,814,US,USA,Clay,Iowa,US,43.08247182,-95.15096481,"Clay, Iowa, US",0,0,0,0,0,0,0,0,0,0,0,0,0,0,0,0,0,0,0,0,0,0,0,0,0,0,0,0,0,0,0,0,0,0,0,0,0,0,0,0,0,0,0,0,0,0,0,0,0,0,0,0,0,0,0,0,0,0,0,0,0,0,0,0,0,0,0,0,0,0,1,2,2,2,2,2,2,2,2,2,2,2,2,2,2,2,2,2,3,3,3,3,3,3,3,3,3,3,3,4,4,4,5,6,7,7,8,9,9,9,9,9,9,9,10,10,9,9,9,9,9,9,10,10,10,10,13,13,13,15,16,17,18,21,25,27,29,34,34,36,38,50,59,65,73
810,815,US,USA,Clayton,Iowa,US,42.84443388,-91.34133693,"Clayton, Iowa, US",0,0,0,0,0,0,0,0,0,0,0,0,0,0,0,0,0,0,0,0,0,0,0,0,0,0,0,0,0,0,0,0,0,0,0,0,0,0,0,0,0,0,0,0,0,0,0,0,0,0,0,0,0,0,0,0,0,0,0,0,0,0,0,0,1,1,1,1,1,1,2,2,3,3,4,4,5,5,5,6,7,7,7,7,7,7,7,7,7,7,8,8,8,9,11,12,13,12,12,14,17,18,15,17,18,18,19,21,22,23,23,28,28,28,28,28,28,30,30,30,30,30,30,30,30,31,31,32,33,34,35,34,34,34,34,34,34,34,34,34,34,35,35,35,35
811,816,US,USA,Clinton,Iowa,US,41.89981633,-90.53275096,"Clinton, Iowa, US",0,0,0,0,0,0,0,0,0,0,0,0,0,0,0,0,0,0,0,0,0,0,0,0,0,0,0,0,0,0,0,0,0,0,0,0,0,0,0,0,0,0,0,0,0,0,0,0,0,0,0,0,0,0,0,0,0,0,0,0,0,0,0,0,0,1,1,1,2,5,6,9,15,15,16,17,17,19,21,24,28,29,33,36,38,39,39,40,41,42,44,44,44,47,47,47,48,48,48,48,49,50,50,50,51,51,53,53,55,56,58,58,58,60,60,60,61,61,61,61,61,61,61,60,60,60,60,60,60,61,61,64,64,65,65,65,65,65,67,67,67,67,68,67,68
812,817,US,USA,Crawford,Iowa,US,42.03718237,-95.3819718,"Crawford, Iowa, US",0,0,0,0,0,0,0,0,0,0,0,0,0,0,0,0,0,0,0,0,0,0,0,0,0,0,0,0,0,0,0,0,0,0,0,0,0,0,0,0,0,0,0,0,0,0,0,0,0,0,0,0,0,0,0,0,0,0,0,0,0,0,0,0,0,0,0,0,1,1,1,1,4,4,4,5,5,6,6,6,6,6,6,6,6,6,6,6,6,6,6,6,6,8,10,14,14,19,21,21,24,31,51,78,96,103,124,149,175,176,191,197,207,300,336,348,380,384,394,410,435,445,460,477,486,487,488,489,501,514,516,528,530,542,547,551,567,573,575,582,587,592,593,611,618
813,818,US,USA,Dallas,Iowa,US,41.68560356,-94.04127625,"Dallas, Iowa, US",0,0,0,0,0,0,0,0,0,0,0,0,0,0,0,0,0,0,0,0,0,0,0,0,0,0,0,0,0,0,0,0,0,0,0,0,0,0,0,0,0,0,0,0,0,0,0,0,0,0,0,0,0,1,2,2,5,5,5,5,6,6,7,7,7,9,15,17,21,25,27,31,33,33,35,35,35,35,36,36,37,37,36,37,38,42,44,45,45,52,55,59,67,99,130,169,179,198,258,318,408,515,537,578,613,626,644,654,660,676,701,712,741,755,757,773,776,788,795,802,816,821,836,849,857,864,873,875,886,892,904,916,924,929,940,952,957,959,961,969,973,980,995,1016,1025
814,819,US,USA,Davis,Iowa,US,40.74773536,-92.41005468,"Davis, Iowa, US",0,0,0,0,0,0,0,0,0,0,0,0,0,0,0,0,0,0,0,0,0,0,0,0,0,0,0,0,0,0,0,0,0,0,0,0,0,0,0,0,0,0,0,0,0,0,0,0,0,0,0,0,0,0,0,0,0,0,0,0,0,0,0,0,0,0,0,0,0,0,0,0,0,0,0,0,0,0,0,0,0,0,0,0,0,0,0,0,0,0,0,0,0,0,0,0,0,0,1,1,1,1,1,2,4,5,7,8,9,9,11,11,12,13,13,13,13,13,13,13,15,17,18,20,20,20,20,20,20,21,22,23,25,27,28,28,28,28,29,29,30,31,33,33,34
815,820,US,USA,Decatur,Iowa,US,40.73742757,-93.78645949,"Decatur, Iowa, US",0,0,0,0,0,0,0,0,0,0,0,0,0,0,0,0,0,0,0,0,0,0,0,0,0,0,0,0,0,0,0,0,0,0,0,0,0,0,0,0,0,0,0,0,0,0,0,0,0,0,0,0,0,0,0,0,0,0,0,0,0,0,0,0,0,0,0,0,0,0,0,0,0,0,0,0,0,0,0,0,0,0,0,0,0,0,0,0,0,0,0,0,0,0,0,0,0,0,0,0,1,1,1,0,0,0,0,0,0,0,0,0,0,0,0,0,0,0,0,0,0,0,1,0,0,0,1,1,1,1,1,1,1,1,1,1,2,2,3,3,3,3,4,4,4
816,821,US,USA,Delaware,Iowa,US,42.47104597,-91.3664492,"Delaware, Iowa, US",0,0,0,0,0,0,0,0,0,0,0,0,0,0,0,0,0,0,0,0,0,0,0,0,0,0,0,0,0,0,0,0,0,0,0,0,0,0,0,0,0,0,0,0,0,0,0,0,0,0,0,0,0,0,0,0,0,0,0,0,0,0,0,0,0,0,0,0,0,0,0,1,0,0,0,0,1,1,1,1,2,2,2,2,2,2,2,2,2,2,3,3,3,3,4,4,4,4,4,8,8,10,10,5,8,8,8,7,7,9,9,10,10,11,11,12,12,12,12,13,13,14,14,14,15,15,15,15,15,15,15,17,17,19,19,19,19,19,20,20,25,26,27,27,27
817,822,US,USA,Des Moines,Iowa,US,40.92012606,-91.18326592,"Des Moines, Iowa, US",0,0,0,0,0,0,0,0,0,0,0,0,0,0,0,0,0,0,0,0,0,0,0,0,0,0,0,0,0,0,0,0,0,0,0,0,0,0,0,0,0,0,0,0,0,0,0,0,0,0,0,0,0,0,0,0,0,0,0,0,0,0,0,1,1,1,1,1,1,1,2,1,1,1,1,1,3,3,3,3,3,4,5,7,7,7,8,8,11,13,13,13,13,14,16,16,17,17,17,16,16,16,18,19,21,24,29,31,37,39,40,43,44,46,39,37,37,39,39,43,51,52,56,53,55,59,58,59,62,62,63,65,66,66,67,68,68,70,68,68,68,67,68,67,68
818,823,US,USA,Dickinson,Iowa,US,43.37787725,-95.1510206,"Dickinson, Iowa, US",0,0,0,0,0,0,0,0,0,0,0,0,0,0,0,0,0,0,0,0,0,0,0,0,0,0,0,0,0,0,0,0,0,0,0,0,0,0,0,0,0,0,0,0,0,0,0,0,0,0,0,0,0,0,0,0,0,0,0,0,0,0,0,0,0,1,1,1,1,1,1,1,1,1,1,1,1,1,1,1,1,1,1,1,1,1,1,1,1,1,2,3,3,4,5,5,5,6,6,6,6,6,6,6,6,6,6,6,6,6,6,6,6,6,6,6,6,6,7,8,8,8,8,8,9,9,13,16,19,20,21,21,25,27,33,35,41,51,60,63,84,101,119,130,133
819,824,US,USA,Dubuque,Iowa,US,42.46815349,-90.88181925,"Dubuque, Iowa, US",0,0,0,0,0,0,0,0,0,0,0,0,0,0,0,0,0,0,0,0,0,0,0,0,0,0,0,0,0,0,0,0,0,0,0,0,0,0,0,0,0,0,0,0,0,0,0,0,0,0,0,0,0,0,0,0,0,1,1,2,4,6,6,6,6,8,12,16,21,21,22,22,23,24,24,25,28,28,31,32,32,35,35,35,37,39,40,43,44,46,48,49,52,62,70,80,87,88,97,102,109,125,136,152,156,162,175,181,188,191,197,203,235,238,249,258,264,276,286,296,300,307,317,319,323,323,330,334,341,345,344,346,350,351,355,359,362,364,367,373,371,377,381,384,384
820,825,US,USA,Emmet,Iowa,US,43.37782951,-94.67858943,"Emmet, Iowa, US",0,0,0,0,0,0,0,0,0,0,0,0,0,0,0,0,0,0,0,0,0,0,0,0,0,0,0,0,0,0,0,0,0,0,0,0,0,0,0,0,0,0,0,0,0,0,0,0,0,0,0,0,0,0,0,0,0,0,0,0,0,0,0,0,0,0,0,0,0,0,0,0,0,0,0,0,0,0,0,0,0,0,0,0,0,0,0,0,0,0,0,0,0,0,0,1,0,0,0,0,0,0,0,0,0,0,0,0,0,0,0,0,1,1,1,1,1,1,2,6,6,7,7,7,7,7,8,12,13,14,15,16,18,19,24,27,28,31,32,34,34,34,38,37,39
821,826,US,USA,Fayette,Iowa,US,42.86271799,-91.84412309999999,"Fayette, Iowa, US",0,0,0,0,0,0,0,0,0,0,0,0,0,0,0,0,0,0,0,0,0,0,0,0,0,0,0,0,0,0,0,0,0,0,0,0,0,0,0,0,0,0,0,0,0,0,0,0,0,0,0,0,0,0,0,0,0,0,0,1,1,1,1,1,1,1,2,2,2,2,2,2,3,3,3,3,3,3,3,4,4,4,5,5,5,5,6,6,6,6,7,7,7,10,12,15,16,17,20,20,21,22,22,23,23,24,24,24,24,24,24,24,24,24,25,25,25,25,25,25,25,26,26,26,26,26,26,26,26,27,27,27,27,27,28,27,27,28,28,28,28,28,28,28,28
822,827,US,USA,Floyd,Iowa,US,43.06000529999999,-92.78940097,"Floyd, Iowa, US",0,0,0,0,0,0,0,0,0,0,0,0,0,0,0,0,0,0,0,0,0,0,0,0,0,0,0,0,0,0,0,0,0,0,0,0,0,0,0,0,0,0,0,0,0,0,0,0,0,0,0,0,0,0,0,0,0,0,0,0,0,0,0,0,0,0,0,0,0,0,0,0,0,0,0,0,0,0,0,0,0,0,0,0,0,0,0,0,0,0,0,0,0,0,0,0,0,0,0,0,1,1,1,1,1,2,2,2,3,4,5,6,9,9,10,11,11,11,11,11,15,15,17,18,18,18,18,18,19,19,19,19,19,19,19,19,19,19,19,19,19,20,20,20,20
823,828,US,USA,Franklin,Iowa,US,42.73270384,-93.26256925,"Franklin, Iowa, US",0,0,0,0,0,0,0,0,0,0,0,0,0,0,0,0,0,0,0,0,0,0,0,0,0,0,0,0,0,0,0,0,0,0,0,0,0,0,0,0,0,0,0,0,0,0,0,0,0,0,0,0,0,0,0,0,0,0,0,0,0,0,0,0,0,0,0,0,0,0,0,0,0,0,0,1,1,1,1,1,1,1,1,1,1,1,1,1,1,1,1,1,1,1,2,2,2,2,2,2,3,3,3,3,5,6,7,7,6,6,6,7,7,7,7,7,7,7,7,7,6,7,7,8,8,8,9,10,12,13,13,14,13,15,17,20,25,30,32,35,38,42,41,44,44
824,829,US,USA,Fremont,Iowa,US,40.74542720000001,-95.60129045,"Fremont, Iowa, US",0,0,0,0,0,0,0,0,0,0,0,0,0,0,0,0,0,0,0,0,0,0,0,0,0,0,0,0,0,0,0,0,0,0,0,0,0,0,0,0,0,0,0,0,0,0,0,0,0,0,0,0,0,0,0,0,0,0,0,0,0,0,0,0,0,0,0,0,0,0,0,0,0,0,0,0,0,0,0,0,0,0,0,0,0,0,0,0,0,0,0,0,0,0,0,0,0,0,0,0,0,0,0,0,0,0,0,1,1,1,1,3,3,3,3,3,3,3,4,4,4,4,4,4,4,4,4,4,4,4,4,4,4,4,4,4,4,4,4,4,4,4,4,4,4
825,830,US,USA,Greene,Iowa,US,42.03614551,-94.39658081,"Greene, Iowa, US",0,0,0,0,0,0,0,0,0,0,0,0,0,0,0,0,0,0,0,0,0,0,0,0,0,0,0,0,0,0,0,0,0,0,0,0,0,0,0,0,0,0,0,0,0,0,0,0,0,0,0,0,0,0,0,0,0,0,0,0,0,0,0,0,0,0,0,0,0,0,0,0,0,0,0,0,0,1,1,1,1,1,1,1,1,1,1,1,1,1,1,1,1,1,1,1,2,2,2,5,7,10,11,11,11,11,13,13,13,13,13,13,13,14,13,13,13,13,13,13,13,13,13,13,13,13,13,13,13,13,13,13,13,13,15,15,15,14,14,14,15,16,20,21,21
826,831,US,USA,Grundy,Iowa,US,42.40183723,-92.78829551,"Grundy, Iowa, US",0,0,0,0,0,0,0,0,0,0,0,0,0,0,0,0,0,0,0,0,0,0,0,0,0,0,0,0,0,0,0,0,0,0,0,0,0,0,0,0,0,0,0,0,0,0,0,0,0,0,0,0,0,0,0,0,0,0,0,0,0,0,0,0,0,0,0,0,0,0,0,0,0,1,1,1,1,1,1,1,1,1,1,1,1,1,2,2,4,5,6,6,6,7,8,8,9,11,11,11,11,15,15,16,17,17,16,17,15,15,15,16,16,18,17,17,17,17,17,17,19,20,19,19,19,19,19,19,20,20,20,20,20,20,20,20,19,19,20,20,23,23,23,23,23
827,832,US,USA,Guthrie,Iowa,US,41.68378965,-94.50111014,"Guthrie, Iowa, US",0,0,0,0,0,0,0,0,0,0,0,0,0,0,0,0,0,0,0,0,0,0,0,0,0,0,0,0,0,0,0,0,0,0,0,0,0,0,0,0,0,0,0,0,0,0,0,0,0,0,0,0,0,0,0,0,0,0,0,0,0,0,0,0,0,0,0,0,1,1,1,1,1,1,1,1,1,1,1,1,1,1,1,1,3,3,3,4,4,4,4,4,5,5,6,6,6,6,10,12,13,19,22,29,31,31,32,32,33,33,35,35,36,36,37,37,37,38,40,40,42,42,42,43,43,43,44,46,50,50,50,51,53,53,54,55,55,55,55,55,55,55,57,58,58
828,833,US,USA,Hamilton,Iowa,US,42.38382428,-93.70197703,"Hamilton, Iowa, US",0,0,0,0,0,0,0,0,0,0,0,0,0,0,0,0,0,0,0,0,0,0,0,0,0,0,0,0,0,0,0,0,0,0,0,0,0,0,0,0,0,0,0,0,0,0,0,0,0,0,0,0,0,0,0,0,0,0,0,0,0,0,0,0,0,0,0,0,0,0,0,0,0,0,1,1,2,2,2,2,2,2,2,2,2,2,2,2,2,2,2,2,3,7,7,7,7,7,7,7,7,7,7,7,7,7,9,9,9,10,11,11,11,11,11,11,11,11,11,12,15,15,19,26,26,25,28,29,30,35,37,43,44,45,61,76,81,83,82,96,104,108,112,118,119
829,834,US,USA,Hancock,Iowa,US,43.08178477,-93.73454884,"Hancock, Iowa, US",0,0,0,0,0,0,0,0,0,0,0,0,0,0,0,0,0,0,0,0,0,0,0,0,0,0,0,0,0,0,0,0,0,0,0,0,0,0,0,0,0,0,0,0,0,0,0,0,0,0,0,0,0,0,0,0,0,0,0,0,0,2,2,3,3,3,3,3,3,3,3,3,3,3,3,3,3,3,3,3,3,3,3,3,3,3,3,3,3,3,3,3,3,3,3,3,3,3,3,3,3,3,3,3,3,3,3,3,3,3,3,3,3,3,3,3,5,5,5,7,10,11,12,12,12,14,14,16,16,16,16,16,16,16,16,18,18,22,22,22,24,25,26,27,27
830,835,US,USA,Hardin,Iowa,US,42.38353877,-93.23654611,"Hardin, Iowa, US",0,0,0,0,0,0,0,0,0,0,0,0,0,0,0,0,0,0,0,0,0,0,0,0,0,0,0,0,0,0,0,0,0,0,0,0,0,0,0,0,0,0,0,0,0,0,0,0,0,0,0,0,0,0,0,0,0,0,0,0,0,0,0,0,0,1,1,1,1,1,1,1,1,1,1,1,1,1,1,1,1,1,2,2,1,1,1,2,2,3,4,4,4,4,5,6,7,7,7,8,9,9,9,9,9,9,11,12,12,12,12,12,12,11,11,12,12,12,12,13,13,13,13,13,13,13,15,16,16,16,17,17,17,19,21,24,30,32,33,32,36,40,42,42,44
831,836,US,USA,Harrison,Iowa,US,41.68330137,-95.81558439,"Harrison, Iowa, US",0,0,0,0,0,0,0,0,0,0,0,0,0,0,0,0,0,0,0,0,0,0,0,0,0,0,0,0,0,0,0,0,0,0,0,0,0,0,0,0,0,0,0,0,0,0,0,0,0,0,0,1,1,1,1,1,1,1,1,1,3,3,3,3,3,7,8,8,8,9,10,10,10,10,10,10,10,11,11,12,12,12,12,12,12,12,12,12,13,14,14,15,15,15,15,15,15,15,16,16,16,16,16,16,17,17,17,17,17,17,17,17,17,17,17,17,17,18,18,18,18,18,18,19,19,19,19,19,21,22,23,23,25,26,26,26,26,26,27,27,28,32,33,39,39
832,837,US,USA,Henry,Iowa,US,40.98767962,-91.54436349,"Henry, Iowa, US",0,0,0,0,0,0,0,0,0,0,0,0,0,0,0,0,0,0,0,0,0,0,0,0,0,0,0,0,0,0,0,0,0,0,0,0,0,0,0,0,0,0,0,0,0,0,0,0,0,0,0,0,0,0,0,0,0,0,0,1,1,1,1,1,1,2,2,3,3,3,5,5,6,6,8,9,13,15,15,17,19,19,20,22,22,22,26,27,27,27,29,30,30,31,31,31,32,32,32,32,32,32,33,34,37,40,42,42,43,43,43,43,43,43,44,44,47,46,47,49,50,56,57,61,61,67,67,67,70,71,71,71,72,72,72,73,74,74,73,73,74,73,73,73,73
833,838,US,USA,Howard,Iowa,US,43.35671042,-92.31702714,"Howard, Iowa, US",0,0,0,0,0,0,0,0,0,0,0,0,0,0,0,0,0,0,0,0,0,0,0,0,0,0,0,0,0,0,0,0,0,0,0,0,0,0,0,0,0,0,0,0,0,0,0,0,0,0,0,0,0,0,0,0,0,0,0,0,0,0,0,0,0,0,0,0,0,0,0,0,0,1,1,1,1,1,1,1,1,1,1,1,1,2,2,4,4,4,4,4,4,4,4,6,6,7,10,10,10,10,10,12,12,12,13,12,12,12,12,12,12,12,12,12,12,12,12,12,12,12,12,12,12,12,12,12,12,12,12,12,12,12,12,12,12,12,12,12,12,12,12,12,12
834,839,US,USA,Humboldt,Iowa,US,42.7764426,-94.20722537,"Humboldt, Iowa, US",0,0,0,0,0,0,0,0,0,0,0,0,0,0,0,0,0,0,0,0,0,0,0,0,0,0,0,0,0,0,0,0,0,0,0,0,0,0,0,0,0,0,0,0,0,0,0,0,0,0,0,0,0,0,0,0,0,0,0,0,0,0,0,0,0,0,0,0,0,0,0,0,0,0,0,0,0,0,0,0,0,0,0,0,0,0,0,0,0,0,1,2,2,4,4,4,4,4,4,4,4,4,4,4,4,4,6,6,6,7,7,7,7,7,7,7,7,7,7,7,9,10,11,13,13,13,14,15,16,17,18,18,19,18,19,20,20,20,23,24,26,27,30,32,33
835,840,US,USA,Ida,Iowa,US,42.38696136,-95.51355387,"Ida, Iowa, US",0,0,0,0,0,0,0,0,0,0,0,0,0,0,0,0,0,0,0,0,0,0,0,0,0,0,0,0,0,0,0,0,0,0,0,0,0,0,0,0,0,0,0,0,0,0,0,0,0,0,0,0,0,0,0,0,0,0,0,0,0,0,0,0,0,0,0,0,0,0,0,0,0,0,0,0,0,0,0,0,0,0,0,0,0,0,0,0,0,0,0,0,0,0,0,0,0,0,0,0,0,0,0,0,0,0,0,0,0,0,0,1,2,2,4,3,3,7,8,8,8,8,9,10,13,13,14,14,14,14,14,14,14,14,15,15,15,15,15,15,15,17,17,17,18
836,841,US,USA,Iowa,Iowa,US,41.68630265,-92.0643373,"Iowa, Iowa, US",0,0,0,0,0,0,0,0,0,0,0,0,0,0,0,0,0,0,0,0,0,0,0,0,0,0,0,0,0,0,0,0,0,0,0,0,0,0,0,0,0,0,0,0,0,0,0,0,0,0,0,0,0,0,0,0,0,0,0,0,0,0,0,0,0,1,1,2,3,4,5,5,5,6,6,6,6,6,7,7,7,7,7,7,7,8,8,10,12,13,13,13,13,14,16,17,18,19,19,19,20,20,21,22,22,24,26,27,27,24,27,26,26,28,27,28,29,29,30,31,32,35,32,32,33,33,36,35,34,33,33,33,34,33,33,34,33,33,33,33,35,34,34,34,34
837,842,US,USA,Jackson,Iowa,US,42.17178824,-90.57354837,"Jackson, Iowa, US",0,0,0,0,0,0,0,0,0,0,0,0,0,0,0,0,0,0,0,0,0,0,0,0,0,0,0,0,0,0,0,0,0,0,0,0,0,0,0,0,0,0,0,0,0,0,0,0,0,0,0,0,0,0,0,0,0,0,0,0,0,0,0,0,0,0,0,0,1,1,1,1,2,3,3,4,4,4,4,4,4,4,4,4,4,4,4,4,4,5,5,5,5,5,5,5,5,5,5,5,5,5,6,5,5,5,7,7,7,7,7,7,7,7,8,8,8,8,8,8,8,9,11,11,12,12,13,11,12,12,12,12,12,13,13,14,14,14,14,14,14,14,14,14,14
838,843,US,USA,Jasper,Iowa,US,41.68576082,-93.05567785,"Jasper, Iowa, US",0,0,0,0,0,0,0,0,0,0,0,0,0,0,0,0,0,0,0,0,0,0,0,0,0,0,0,0,0,0,0,0,0,0,0,0,0,0,0,0,0,0,0,0,0,0,0,0,0,0,0,0,0,0,0,0,0,0,0,0,0,0,1,1,2,2,3,4,5,6,7,7,8,8,8,8,8,8,9,10,10,11,12,15,17,23,28,33,36,42,53,53,55,73,78,83,91,109,130,130,155,175,193,210,219,220,229,235,238,238,238,239,239,240,241,242,247,249,250,250,249,250,254,256,256,257,257,258,260,261,260,260,261,263,269,269,269,274,273,274,276,278,279,279,282
839,844,US,USA,Jefferson,Iowa,US,41.03192394,-91.94849466,"Jefferson, Iowa, US",0,0,0,0,0,0,0,0,0,0,0,0,0,0,0,0,0,0,0,0,0,0,0,0,0,0,0,0,0,0,0,0,0,0,0,0,0,0,0,0,0,0,0,0,0,0,0,0,0,0,0,0,0,0,0,0,0,0,0,0,0,0,0,0,0,0,0,0,0,0,0,1,2,3,3,3,3,3,3,3,4,4,4,4,4,4,4,4,4,6,7,7,7,6,6,6,6,6,6,6,6,6,6,6,6,6,6,6,6,6,7,8,9,9,10,12,12,12,12,13,14,14,14,15,18,18,19,19,21,23,27,30,34,33,35,36,36,36,38,40,43,42,44,44,45
840,845,US,USA,Johnson,Iowa,US,41.67169354,-91.58754744,"Johnson, Iowa, US",0,0,0,0,0,0,0,0,0,0,0,0,0,0,0,0,0,0,0,0,0,0,0,0,0,0,0,0,0,0,0,0,0,0,0,0,0,0,0,0,0,0,0,0,0,0,0,3,7,12,13,14,14,14,15,15,21,22,22,27,32,35,37,43,49,58,61,65,70,73,76,80,83,96,106,118,134,147,171,185,194,203,210,216,226,234,246,265,285,303,372,388,391,410,418,426,437,448,453,461,475,487,498,505,518,530,543,546,549,551,555,559,558,562,565,567,569,574,574,579,585,591,593,598,602,605,605,607,610,614,614,614,616,616,618,619,624,626,625,630,633,629,635,637,638
841,846,US,USA,Jones,Iowa,US,42.12118609,-91.13139641,"Jones, Iowa, US",0,0,0,0,0,0,0,0,0,0,0,0,0,0,0,0,0,0,0,0,0,0,0,0,0,0,0,0,0,0,0,0,0,0,0,0,0,0,0,0,0,0,0,0,0,0,0,0,0,0,0,0,0,0,0,0,0,0,0,0,0,0,0,0,0,0,0,0,1,4,4,5,5,5,6,6,6,6,8,8,8,8,10,11,11,12,13,14,14,15,16,17,18,18,18,18,19,19,20,21,22,24,24,24,25,25,30,31,31,31,34,34,34,35,36,36,36,36,36,36,36,36,36,36,36,36,36,36,36,36,36,36,37,37,37,37,37,37,37,38,38,38,40,41,41
842,847,US,USA,Keokuk,Iowa,US,41.33649833,-92.1785067,"Keokuk, Iowa, US",0,0,0,0,0,0,0,0,0,0,0,0,0,0,0,0,0,0,0,0,0,0,0,0,0,0,0,0,0,0,0,0,0,0,0,0,0,0,0,0,0,0,0,0,0,0,0,0,0,0,0,0,0,0,0,0,0,0,0,0,0,0,0,0,0,0,1,1,1,2,1,1,1,2,2,2,2,2,2,2,2,2,2,2,2,2,2,4,3,3,3,3,3,3,4,2,2,2,2,2,3,3,3,3,3,3,6,7,7,7,9,9,9,9,9,10,11,11,12,13,13,13,13,13,14,14,14,14,14,15,15,14,14,14,14,14,15,15,15,15,15,16,15,15,15
843,848,US,USA,Kossuth,Iowa,US,43.20405458,-94.20691791,"Kossuth, Iowa, US",0,0,0,0,0,0,0,0,0,0,0,0,0,0,0,0,0,0,0,0,0,0,0,0,0,0,0,0,0,0,0,0,0,0,0,0,0,0,0,0,0,0,0,0,0,0,0,0,0,0,0,0,0,0,0,0,0,0,0,0,1,1,1,1,1,1,1,1,1,1,1,1,1,1,1,1,1,1,1,1,1,1,1,1,1,1,1,1,1,1,1,1,1,1,1,1,1,1,1,2,2,2,2,2,2,2,2,2,2,2,2,2,2,2,2,2,3,5,4,7,7,7,7,7,7,8,8,9,9,9,9,10,13,13,14,16,16,16,16,16,16,16,16,17,17
844,849,US,USA,Lee,Iowa,US,40.64181461,-91.48183025,"Lee, Iowa, US",0,0,0,0,0,0,0,0,0,0,0,0,0,0,0,0,0,0,0,0,0,0,0,0,0,0,0,0,0,0,0,0,0,0,0,0,0,0,0,0,0,0,0,0,0,0,0,0,0,0,0,0,0,0,0,0,0,0,0,0,0,0,0,0,0,0,0,0,0,0,0,0,0,1,1,1,1,1,1,1,1,1,2,2,2,3,3,3,3,3,3,3,3,4,4,5,5,7,8,8,9,12,13,14,16,16,17,18,18,18,18,18,18,18,18,18,18,19,20,20,20,20,20,22,22,21,23,24,25,25,27,27,27,28,29,29,30,31,31,34,36,37,37,38,38
845,850,US,USA,Linn,Iowa,US,42.07923082,-91.59809485,"Linn, Iowa, US",0,0,0,0,0,0,0,0,0,0,0,0,0,0,0,0,0,0,0,0,0,0,0,0,0,0,0,0,0,0,0,0,0,0,0,0,0,0,0,0,0,0,0,0,0,0,0,0,0,0,0,0,0,0,0,0,0,0,0,3,4,6,6,7,12,22,36,42,71,90,94,103,118,139,161,176,186,197,215,225,235,243,258,265,276,280,304,332,395,409,460,466,479,509,548,573,613,632,652,669,673,705,731,757,767,770,805,813,819,827,841,849,858,871,882,892,896,899,899,902,910,916,922,927,935,936,938,941,945,949,955,953,958,967,971,978,981,985,994,1001,1005,1007,1012,1016,1018
846,851,US,USA,Louisa,Iowa,US,41.21842119,-91.26102611,"Louisa, Iowa, US",0,0,0,0,0,0,0,0,0,0,0,0,0,0,0,0,0,0,0,0,0,0,0,0,0,0,0,0,0,0,0,0,0,0,0,0,0,0,0,0,0,0,0,0,0,0,0,0,0,0,0,0,0,0,0,0,0,0,0,0,0,0,0,0,0,0,0,0,0,0,0,0,1,1,6,7,20,30,41,56,70,76,79,149,166,166,169,177,212,215,242,248,251,259,261,266,267,269,269,269,274,277,277,277,279,279,280,281,282,282,285,287,289,291,304,306,307,310,315,322,326,327,334,334,334,336,336,342,341,343,344,345,346,346,349,350,350,350,350,351,354,355,355,355,355
847,852,US,USA,Lucas,Iowa,US,41.02958964,-93.32780803,"Lucas, Iowa, US",0,0,0,0,0,0,0,0,0,0,0,0,0,0,0,0,0,0,0,0,0,0,0,0,0,0,0,0,0,0,0,0,0,0,0,0,0,0,0,0,0,0,0,0,0,0,0,0,0,0,0,0,0,0,0,0,0,0,0,0,0,0,0,0,0,0,0,0,0,0,0,0,0,0,0,0,0,0,0,0,0,0,0,0,0,0,0,0,0,0,0,0,0,0,0,0,0,0,0,0,0,0,0,0,0,0,0,0,0,0,0,0,0,0,0,0,1,1,2,3,3,4,4,6,6,6,7,12,13,17,17,17,19,19,22,22,22,22,22,22,22,22,23,23,24
848,853,US,USA,Lyon,Iowa,US,43.38107862,-96.20926845,"Lyon, Iowa, US",0,0,0,0,0,0,0,0,0,0,0,0,0,0,0,0,0,0,0,0,0,0,0,0,0,0,0,0,0,0,0,0,0,0,0,0,0,0,0,0,0,0,0,0,0,0,0,0,0,0,0,0,0,0,0,0,0,0,0,0,0,0,0,0,0,0,0,0,0,0,0,0,1,2,2,2,2,2,2,2,2,3,4,4,4,5,5,5,5,5,5,5,5,5,6,7,9,11,11,13,13,13,14,15,15,15,15,16,16,16,16,16,16,16,16,16,19,19,19,19,19,19,19,19,19,19,19,19,20,21,24,24,24,25,24,24,25,26,26,26,26,26,29,30,31
849,854,US,USA,Madison,Iowa,US,41.33081904,-94.01554631,"Madison, Iowa, US",0,0,0,0,0,0,0,0,0,0,0,0,0,0,0,0,0,0,0,0,0,0,0,0,0,0,0,0,0,0,0,0,0,0,0,0,0,0,0,0,0,0,0,0,0,0,0,0,0,0,0,0,0,0,0,0,0,0,0,0,0,0,0,0,0,0,0,0,0,0,1,1,1,1,1,1,1,1,1,1,2,2,2,3,3,3,3,3,3,3,4,4,3,3,3,3,3,4,5,5,8,8,9,9,9,10,10,10,11,11,11,12,13,13,14,16,16,16,16,20,21,21,22,24,24,25,26,27,27,28,28,29,30,29,29,29,29,29,29,29,30,30,31,33,34
850,855,US,USA,Mahaska,Iowa,US,41.33521503,-92.64083907,"Mahaska, Iowa, US",0,0,0,0,0,0,0,0,0,0,0,0,0,0,0,0,0,0,0,0,0,0,0,0,0,0,0,0,0,0,0,0,0,0,0,0,0,0,0,0,0,0,0,0,0,0,0,0,0,0,0,0,0,0,0,0,0,0,0,0,0,0,0,0,1,2,2,2,2,2,2,3,3,3,3,3,4,4,4,4,4,4,5,5,7,7,7,7,8,8,8,8,8,8,8,9,9,9,9,10,14,16,16,17,18,19,20,20,20,20,20,21,21,21,22,23,24,29,37,45,47,48,51,52,85,85,88,91,92,93,94,95,97,97,99,99,99,100,102,103,104,107,107,107,108
851,856,US,USA,Marion,Iowa,US,41.33445101,-93.09934783,"Marion, Iowa, US",0,0,0,0,0,0,0,0,0,0,0,0,0,0,0,0,0,0,0,0,0,0,0,0,0,0,0,0,0,0,0,0,0,0,0,0,0,0,0,0,0,0,0,0,0,0,0,0,0,0,0,0,0,0,0,0,0,0,0,0,0,0,0,0,0,0,0,0,0,0,0,0,0,0,1,1,2,2,2,2,3,3,3,3,3,3,3,4,4,5,5,5,5,6,6,7,7,8,8,8,10,12,12,12,12,12,12,13,13,13,14,16,17,17,19,20,21,22,22,24,27,28,29,29,29,30,30,31,32,32,32,32,34,34,35,35,35,35,36,37,38,39,40,42,43
852,857,US,USA,Marshall,Iowa,US,42.03586837,-92.99908190000001,"Marshall, Iowa, US",0,0,0,0,0,0,0,0,0,0,0,0,0,0,0,0,0,0,0,0,0,0,0,0,0,0,0,0,0,0,0,0,0,0,0,0,0,0,0,0,0,0,0,0,0,0,0,0,0,0,0,0,0,0,0,0,0,0,0,0,0,0,0,0,0,1,5,6,6,8,8,9,10,10,10,12,14,15,18,20,28,31,37,42,44,49,75,83,155,173,224,239,239,271,345,380,408,434,459,467,500,545,603,630,647,655,686,701,702,721,734,738,748,759,771,778,794,804,817,827,842,852,859,866,870,875,878,882,891,892,894,896,898,901,912,914,919,924,928,931,931,937,940,941,941
853,858,US,USA,Mills,Iowa,US,41.03299766,-95.61920963,"Mills, Iowa, US",0,0,0,0,0,0,0,0,0,0,0,0,0,0,0,0,0,0,0,0,0,0,0,0,0,0,0,0,0,0,0,0,0,0,0,0,0,0,0,0,0,0,0,0,0,0,0,0,0,0,0,0,0,0,0,0,0,0,0,0,0,0,0,0,0,0,0,0,0,0,0,0,0,1,1,1,1,1,1,1,1,1,2,2,2,2,2,2,2,2,2,2,2,2,2,2,3,2,2,2,2,3,3,3,3,5,5,7,8,8,8,9,9,9,9,10,10,12,12,13,13,14,14,14,16,16,16,16,16,19,19,19,19,20,20,20,20,20,21,21,21,22,22,23,24
854,859,US,USA,Mitchell,Iowa,US,43.35638371,-92.78887719,"Mitchell, Iowa, US",0,0,0,0,0,0,0,0,0,0,0,0,0,0,0,0,0,0,0,0,0,0,0,0,0,0,0,0,0,0,0,0,0,0,0,0,0,0,0,0,0,0,0,0,0,0,0,0,0,0,0,0,0,0,0,0,0,0,0,0,0,0,0,0,0,0,0,0,0,0,2,2,2,2,2,2,2,2,2,2,2,2,2,2,2,2,2,2,2,2,2,2,2,2,2,2,2,2,2,2,3,3,3,3,3,3,3,3,3,3,3,3,3,3,4,4,4,4,4,4,5,4,4,4,4,4,5,5,5,4,4,4,4,4,4,4,4,4,4,5,6,6,6,7,7
855,860,US,USA,Monona,Iowa,US,42.05220391,-95.95743843,"Monona, Iowa, US",0,0,0,0,0,0,0,0,0,0,0,0,0,0,0,0,0,0,0,0,0,0,0,0,0,0,0,0,0,0,0,0,0,0,0,0,0,0,0,0,0,0,0,0,0,0,0,0,0,0,0,0,0,0,0,0,0,0,0,0,0,0,0,0,1,2,2,2,5,5,5,5,6,6,6,6,6,6,6,6,6,6,6,6,6,6,6,6,6,7,7,7,7,7,7,7,7,7,7,7,9,10,10,10,10,11,11,11,12,12,12,13,13,14,15,15,15,15,16,18,19,19,21,23,24,24,24,24,24,24,24,25,25,25,25,26,27,27,27,27,29,29,31,43,43
856,861,US,USA,Monroe,Iowa,US,41.02988815,-92.8690667,"Monroe, Iowa, US",0,0,0,0,0,0,0,0,0,0,0,0,0,0,0,0,0,0,0,0,0,0,0,0,0,0,0,0,0,0,0,0,0,0,0,0,0,0,0,0,0,0,0,0,0,0,0,0,0,0,0,0,0,0,0,0,0,0,0,0,0,0,0,0,0,0,0,0,0,0,0,0,0,0,0,0,0,0,0,0,0,0,0,0,0,0,0,0,0,0,0,0,0,0,0,0,0,0,0,0,0,0,1,1,1,1,2,2,4,4,8,7,18,18,18,19,19,22,22,22,27,29,32,33,33,35,35,38,38,38,38,38,38,38,41,41,43,43,44,45,45,46,47,47,47
857,862,US,USA,Montgomery,Iowa,US,41.03018714,-95.15642896,"Montgomery, Iowa, US",0,0,0,0,0,0,0,0,0,0,0,0,0,0,0,0,0,0,0,0,0,0,0,0,0,0,0,0,0,0,0,0,0,0,0,0,0,0,0,0,0,0,0,0,0,0,0,0,0,0,0,0,0,0,0,0,0,0,0,0,0,0,0,0,0,1,1,1,1,1,1,1,1,1,1,1,1,1,1,1,1,1,1,1,1,1,1,1,1,1,1,1,1,1,1,1,1,1,1,1,1,1,1,1,1,1,2,3,4,4,4,5,5,5,5,6,6,5,5,5,5,5,5,6,6,6,6,6,6,7,7,8,8,8,9,9,9,9,9,9,9,9,9,9,9
858,863,US,USA,Muscatine,Iowa,US,41.48370744,-91.11216970000001,"Muscatine, Iowa, US",0,0,0,0,0,0,0,0,0,0,0,0,0,0,0,0,0,0,0,0,0,0,0,0,0,0,0,0,0,0,0,0,0,0,0,0,0,0,0,0,0,0,0,0,0,0,0,0,0,0,0,0,0,0,0,0,0,1,1,2,2,3,5,6,6,7,10,10,13,16,18,19,22,27,33,41,51,61,70,80,91,96,102,122,133,148,163,176,207,218,230,240,252,270,295,305,311,319,329,336,346,360,372,387,415,435,441,446,471,488,495,502,513,515,519,524,532,532,531,535,540,540,541,543,545,545,547,549,554,556,557,557,558,563,565,567,568,566,566,568,568,569,571,572,574
859,864,US,USA,O'Brien,Iowa,US,43.08310673,-95.62474482,"O'Brien, Iowa, US",0,0,0,0,0,0,0,0,0,0,0,0,0,0,0,0,0,0,0,0,0,0,0,0,0,0,0,0,0,0,0,0,0,0,0,0,0,0,0,0,0,0,0,0,0,0,0,0,0,0,0,0,0,0,0,0,0,0,0,0,0,0,0,0,0,0,0,0,0,0,0,2,3,3,3,3,3,3,3,3,3,3,3,3,3,3,3,3,3,3,3,3,3,5,4,5,6,7,7,8,9,10,11,11,11,11,13,13,15,15,16,18,19,21,20,22,22,22,21,21,24,24,24,24,24,27,27,27,28,27,31,30,33,36,39,40,46,50,54,55,60,61,64,64,65
860,865,US,USA,Osceola,Iowa,US,43.37824276,-95.62422844,"Osceola, Iowa, US",0,0,0,0,0,0,0,0,0,0,0,0,0,0,0,0,0,0,0,0,0,0,0,0,0,0,0,0,0,0,0,0,0,0,0,0,0,0,0,0,0,0,0,0,0,0,0,0,0,0,0,0,0,0,0,0,0,0,0,0,0,0,0,0,0,0,0,0,0,0,0,0,0,0,0,0,0,0,0,1,1,2,2,2,2,2,2,3,3,3,4,4,6,6,7,7,8,8,8,9,10,10,13,13,13,13,17,18,19,19,20,23,23,25,25,26,26,27,28,29,30,30,30,32,32,32,31,32,32,33,33,34,34,34,34,36,37,38,41,41,41,49,49,49,49
861,866,US,USA,Page,Iowa,US,40.7393172,-95.1497813,"Page, Iowa, US",0,0,0,0,0,0,0,0,0,0,0,0,0,0,0,0,0,0,0,0,0,0,0,0,0,0,0,0,0,0,0,0,0,0,0,0,0,0,0,0,0,0,0,0,0,0,0,0,0,0,0,0,0,0,0,0,0,0,0,0,0,0,0,0,1,2,2,2,2,2,2,2,2,3,2,3,3,3,3,3,3,3,3,3,3,3,3,3,4,4,4,4,5,5,5,5,5,5,5,6,7,8,8,9,9,9,9,10,9,10,10,10,10,10,10,10,10,10,10,10,10,10,10,10,10,10,10,11,11,13,13,14,14,14,14,14,16,16,16,16,16,16,16,16,16
862,867,US,USA,Palo Alto,Iowa,US,43.08193849,-94.67824621,"Palo Alto, Iowa, US",0,0,0,0,0,0,0,0,0,0,0,0,0,0,0,0,0,0,0,0,0,0,0,0,0,0,0,0,0,0,0,0,0,0,0,0,0,0,0,0,0,0,0,0,0,0,0,0,0,0,0,0,0,0,0,0,0,0,0,0,0,0,0,0,0,0,0,0,0,0,0,0,0,0,0,0,0,0,0,0,0,0,0,0,0,0,0,0,0,0,0,0,0,0,0,0,0,0,0,0,0,0,0,0,0,0,0,1,1,1,1,1,1,1,1,2,2,2,2,2,3,3,3,3,3,3,3,3,6,6,6,7,7,7,7,7,7,7,8,9,9,12,13,13,13
863,868,US,USA,Plymouth,Iowa,US,42.737633,-96.21366621,"Plymouth, Iowa, US",0,0,0,0,0,0,0,0,0,0,0,0,0,0,0,0,0,0,0,0,0,0,0,0,0,0,0,0,0,0,0,0,0,0,0,0,0,0,0,0,0,0,0,0,0,0,0,0,0,0,0,0,0,0,0,0,0,0,0,0,0,0,0,0,0,0,0,0,0,0,0,0,1,3,4,4,4,4,4,4,4,4,4,4,4,5,6,8,8,8,9,9,9,8,11,11,10,12,12,12,14,17,23,27,33,34,44,48,51,59,62,67,71,74,78,82,83,86,89,89,98,101,103,108,116,118,119,119,127,129,132,133,135,139,146,152,155,163,169,172,173,186,190,196,200
864,869,US,USA,Pocahontas,Iowa,US,42.73420133,-94.67862564,"Pocahontas, Iowa, US",0,0,0,0,0,0,0,0,0,0,0,0,0,0,0,0,0,0,0,0,0,0,0,0,0,0,0,0,0,0,0,0,0,0,0,0,0,0,0,0,0,0,0,0,0,0,0,0,0,0,0,0,0,0,0,0,0,0,0,0,0,0,0,0,0,0,0,0,0,0,0,0,0,0,0,0,0,0,0,0,0,0,0,0,0,0,0,0,0,0,0,0,0,0,0,0,1,1,1,1,3,3,3,3,3,3,3,3,3,3,3,3,3,3,3,3,3,3,3,3,3,3,4,4,4,4,9,10,11,11,12,13,13,14,15,20,20,20,21,21,29,29,30,30,30
865,870,US,USA,Polk,Iowa,US,41.68679484,-93.57767461,"Polk, Iowa, US",0,0,0,0,0,0,0,0,0,0,0,0,0,0,0,0,0,0,0,0,0,0,0,0,0,0,0,0,0,0,0,0,0,0,0,0,0,0,0,0,0,0,0,0,0,0,0,0,0,0,0,0,0,0,1,1,3,6,6,10,10,12,15,20,24,28,40,50,61,76,81,87,100,109,122,125,127,134,140,147,163,177,195,213,224,256,277,293,333,387,415,437,486,575,660,732,756,813,905,985,1176,1350,1476,1661,1778,1875,2053,2150,2194,2238,2368,2447,2551,2634,2767,2845,2922,3001,3128,3230,3381,3518,3603,3714,3774,3821,3876,3930,4056,4160,4227,4236,4342,4406,4541,4614,4679,4741,4820,4863,4906,4969,5026,5090,5151
866,871,US,USA,Pottawattamie,Iowa,US,41.33640314,-95.53907776,"Pottawattamie, Iowa, US",0,0,0,0,0,0,0,0,0,0,0,0,0,0,0,0,0,0,0,0,0,0,0,0,0,0,0,0,0,0,0,0,0,0,0,0,0,0,0,0,0,0,0,0,0,0,0,0,1,1,1,1,1,1,1,1,1,1,1,2,2,2,2,2,3,3,3,3,3,4,5,5,6,8,7,8,9,11,11,12,12,12,12,14,14,15,18,18,18,18,18,18,18,20,20,25,27,28,30,33,37,41,44,49,61,63,71,76,82,85,86,91,105,138,151,150,161,170,174,175,190,196,205,210,212,220,227,234,244,257,263,269,273,296,311,319,341,343,372,385,438,454,482,500,507
867,872,US,USA,Poweshiek,Iowa,US,41.68625425,-92.53155731,"Poweshiek, Iowa, US",0,0,0,0,0,0,0,0,0,0,0,0,0,0,0,0,0,0,0,0,0,0,0,0,0,0,0,0,0,0,0,0,0,0,0,0,0,0,0,0,0,0,0,0,0,0,0,0,0,0,0,0,0,0,0,0,0,0,0,0,1,1,2,4,4,4,5,5,5,5,6,7,6,6,6,6,6,6,6,6,6,6,6,6,6,7,7,8,10,13,14,14,20,39,50,50,50,50,55,56,57,61,68,73,73,73,78,78,79,79,81,81,83,83,83,85,86,86,87,88,88,87,88,88,88,88,88,89,89,90,90,90,90,91,92,92,92,93,94,94,94,95,95,95,95
868,873,US,USA,Ringgold,Iowa,US,40.73518949,-94.24368535,"Ringgold, Iowa, US",0,0,0,0,0,0,0,0,0,0,0,0,0,0,0,0,0,0,0,0,0,0,0,0,0,0,0,0,0,0,0,0,0,0,0,0,0,0,0,0,0,0,0,0,0,0,0,0,0,0,0,0,0,0,0,0,0,0,0,0,0,0,0,0,0,0,0,0,0,0,0,0,0,0,0,0,0,0,0,0,0,0,0,0,0,0,0,0,0,0,0,0,0,0,0,0,0,0,0,0,0,0,0,0,0,0,0,0,0,0,0,0,0,0,0,0,0,0,1,1,1,2,2,4,4,4,4,4,4,4,4,4,4,4,4,4,4,4,4,6,7,8,8,8,8
869,874,US,USA,Sac,Iowa,US,42.38624071,-95.10547892,"Sac, Iowa, US",0,0,0,0,0,0,0,0,0,0,0,0,0,0,0,0,0,0,0,0,0,0,0,0,0,0,0,0,0,0,0,0,0,0,0,0,0,0,0,0,0,0,0,0,0,0,0,0,0,0,0,0,0,0,0,0,0,0,0,0,0,0,0,0,0,0,0,0,0,0,0,0,0,0,0,0,0,0,0,0,0,0,0,0,0,0,0,0,0,0,0,0,0,0,0,0,0,0,0,0,1,1,1,1,1,2,2,2,2,2,3,2,3,4,4,4,4,5,6,7,8,8,13,13,13,13,17,17,18,18,19,20,21,25,28,28,30,30,31,34,34,36,37,37,38
870,875,US,USA,Scott,Iowa,US,41.63935978,-90.61959493,"Scott, Iowa, US",0,0,0,0,0,0,0,0,0,0,0,0,0,0,0,0,0,0,0,0,0,0,0,0,0,0,0,0,0,0,0,0,0,0,0,0,0,0,0,0,0,0,0,0,0,0,0,0,0,0,0,0,0,0,0,0,0,0,0,1,1,1,1,3,7,7,10,10,16,18,21,25,31,38,41,52,66,77,88,99,111,115,118,124,129,146,155,159,159,171,179,182,188,196,206,208,216,218,222,226,230,236,241,245,255,260,274,276,279,280,286,286,291,293,297,301,307,309,309,313,323,329,329,331,337,341,346,352,357,358,359,361,365,368,380,385,384,387,393,393,397,399,401,405,406
871,876,US,USA,Shelby,Iowa,US,41.6850066,-95.31015553,"Shelby, Iowa, US",0,0,0,0,0,0,0,0,0,0,0,0,0,0,0,0,0,0,0,0,0,0,0,0,0,0,0,0,0,0,0,0,0,0,0,0,0,0,0,0,0,0,0,0,0,0,0,0,0,0,0,0,0,0,0,0,0,0,0,0,0,0,0,0,0,0,1,1,3,3,3,3,5,5,6,6,6,6,6,6,6,6,6,6,7,7,9,9,9,9,9,9,9,9,9,9,9,9,9,9,9,9,12,12,14,13,13,16,18,19,19,21,20,20,20,20,21,23,24,24,27,28,31,31,31,31,35,34,35,37,37,37,37,37,37,37,38,38,39,40,42,45,43,47,48
872,877,US,USA,Sioux,Iowa,US,43.08221074,-96.17675679999999,"Sioux, Iowa, US",0,0,0,0,0,0,0,0,0,0,0,0,0,0,0,0,0,0,0,0,0,0,0,0,0,0,0,0,0,0,0,0,0,0,0,0,0,0,0,0,0,0,0,0,0,0,0,0,0,0,0,0,0,0,0,0,0,0,0,0,1,1,1,1,2,2,2,2,2,3,4,4,5,7,7,7,7,7,7,7,7,7,7,7,7,7,7,7,7,7,7,7,7,7,7,7,7,8,8,9,11,11,17,23,24,25,31,37,42,84,93,100,103,111,126,131,135,139,146,159,181,188,194,199,207,204,210,213,214,219,275,283,287,290,298,306,311,319,321,323,332,341,349,354,355
873,878,US,USA,Story,Iowa,US,42.03621213,-93.46499005,"Story, Iowa, US",0,0,0,0,0,0,0,0,0,0,0,0,0,0,0,0,0,0,0,0,0,0,0,0,0,0,0,0,0,0,0,0,0,0,0,0,0,0,0,0,0,0,0,0,0,0,0,0,0,0,0,0,0,0,0,0,0,0,0,1,1,1,2,2,2,2,2,2,2,2,4,4,5,5,5,5,6,6,7,7,7,7,8,11,11,16,17,17,18,20,19,20,22,22,22,23,25,26,27,27,31,32,33,38,39,40,52,54,55,58,61,64,65,66,73,75,75,79,81,82,86,88,90,94,95,95,96,99,105,109,115,116,119,118,126,131,143,149,155,157,169,187,210,233,247
874,879,US,USA,Tama,Iowa,US,42.07991767,-92.53266945,"Tama, Iowa, US",0,0,0,0,0,0,0,0,0,0,0,0,0,0,0,0,0,0,0,0,0,0,0,0,0,0,0,0,0,0,0,0,0,0,0,0,0,0,0,0,0,0,0,0,0,0,0,0,0,0,0,0,0,0,0,0,0,0,0,0,3,3,4,4,4,5,8,9,10,11,14,17,22,29,30,35,42,46,63,70,77,86,101,108,111,114,121,123,187,197,223,225,225,236,261,263,259,263,264,266,270,278,286,292,297,303,321,322,327,329,336,341,345,348,350,354,356,358,362,368,378,383,390,390,394,398,400,400,401,402,403,403,405,408,410,411,413,415,417,417,419,419,426,427,427
875,880,US,USA,Taylor,Iowa,US,40.73710579,-94.69778563,"Taylor, Iowa, US",0,0,0,0,0,0,0,0,0,0,0,0,0,0,0,0,0,0,0,0,0,0,0,0,0,0,0,0,0,0,0,0,0,0,0,0,0,0,0,0,0,0,0,0,0,0,0,0,0,0,0,0,0,0,0,0,0,0,0,0,0,0,0,0,0,0,1,1,1,1,1,1,1,1,1,1,1,1,1,1,1,1,1,1,1,1,1,1,1,1,1,1,1,1,1,1,1,1,1,1,1,1,1,1,1,1,1,1,1,1,1,1,1,1,1,1,2,2,3,4,5,6,10,37,39,40,48,49,51,54,56,56,58,59,64,66,66,67,68,68,69,70,71,73,73
876,881,US,USA,Union,Iowa,US,41.0277278,-94.24234847,"Union, Iowa, US",0,0,0,0,0,0,0,0,0,0,0,0,0,0,0,0,0,0,0,0,0,0,0,0,0,0,0,0,0,0,0,0,0,0,0,0,0,0,0,0,0,0,0,0,0,0,0,0,0,0,0,0,0,0,0,0,0,0,0,0,0,0,0,0,0,0,0,0,0,0,0,0,0,0,0,0,0,0,0,1,1,1,1,1,1,1,1,1,1,1,1,1,1,1,1,1,1,1,1,1,1,1,1,1,1,1,1,1,1,1,2,2,2,1,1,2,2,2,2,4,4,5,5,6,7,6,6,7,7,7,8,9,10,9,9,10,10,11,11,11,10,10,10,10,10
877,882,US,USA,Van Buren,Iowa,US,40.75326764,-91.95017958,"Van Buren, Iowa, US",0,0,0,0,0,0,0,0,0,0,0,0,0,0,0,0,0,0,0,0,0,0,0,0,0,0,0,0,0,0,0,0,0,0,0,0,0,0,0,0,0,0,0,0,0,0,0,0,0,0,0,0,0,0,0,0,0,0,0,0,0,0,0,0,0,0,0,0,1,1,2,3,5,6,6,6,6,6,6,6,6,6,8,8,8,8,8,8,8,8,8,8,8,8,8,8,8,8,8,8,8,8,8,8,8,8,8,8,8,8,8,8,8,8,8,8,8,8,8,8,8,8,8,8,10,9,9,9,9,9,9,9,9,9,9,9,9,10,10,10,11,11,11,11,11
878,883,US,USA,Wapello,Iowa,US,41.03064984,-92.40954728,"Wapello, Iowa, US",0,0,0,0,0,0,0,0,0,0,0,0,0,0,0,0,0,0,0,0,0,0,0,0,0,0,0,0,0,0,0,0,0,0,0,0,0,0,0,0,0,0,0,0,0,0,0,0,0,0,0,0,0,0,0,0,0,0,0,0,0,1,1,1,1,1,1,1,1,1,1,1,1,1,1,2,2,2,2,3,4,4,6,7,7,6,6,7,6,6,6,6,6,7,7,9,10,10,10,10,17,27,61,94,108,125,165,192,212,218,259,283,306,328,350,360,379,396,405,417,450,462,477,500,514,517,538,545,556,558,593,597,610,607,628,636,641,643,654,657,661,667,672,673,675
879,884,US,USA,Warren,Iowa,US,41.33559454,-93.56007641,"Warren, Iowa, US",0,0,0,0,0,0,0,0,0,0,0,0,0,0,0,0,0,0,0,0,0,0,0,0,0,0,0,0,0,0,0,0,0,0,0,0,0,0,0,0,0,0,0,0,0,0,0,0,0,0,0,0,0,0,0,0,0,0,0,0,0,0,1,1,1,1,1,1,1,3,4,6,8,9,10,11,12,13,13,15,15,16,14,15,16,17,17,18,18,20,20,18,18,19,19,19,20,20,21,22,25,25,26,27,28,34,35,39,42,42,44,49,52,53,63,66,72,77,87,87,90,97,100,106,111,112,114,116,121,126,132,135,144,153,166,167,173,174,173,176,182,187,191,192,196
880,885,US,USA,Washington,Iowa,US,41.33577126,-91.71725711,"Washington, Iowa, US",0,0,0,0,0,0,0,0,0,0,0,0,0,0,0,0,0,0,0,0,0,0,0,0,0,0,0,0,0,0,0,0,0,0,0,0,0,0,0,0,0,0,0,0,0,0,0,0,0,0,0,0,0,0,0,0,1,1,1,2,3,3,4,6,8,11,11,13,18,24,34,36,43,47,49,52,57,62,65,70,79,81,89,95,101,106,109,113,118,121,124,124,124,131,132,132,136,138,139,141,144,145,148,149,149,152,154,155,156,159,162,163,163,163,163,170,172,172,173,173,174,178,179,179,180,184,185,185,187,188,189,189,190,192,195,196,199,200,200,202,206,205,206,208,208
881,886,US,USA,Wayne,Iowa,US,40.73969028,-93.32752197,"Wayne, Iowa, US",0,0,0,0,0,0,0,0,0,0,0,0,0,0,0,0,0,0,0,0,0,0,0,0,0,0,0,0,0,0,0,0,0,0,0,0,0,0,0,0,0,0,0,0,0,0,0,0,0,0,0,0,0,0,0,0,0,0,0,0,0,0,0,0,0,0,0,0,0,0,0,0,0,0,0,0,0,0,0,0,0,0,0,0,0,0,0,0,0,0,0,0,0,0,0,0,0,0,0,0,1,1,1,1,1,1,1,1,1,1,1,1,1,1,1,1,1,1,1,1,1,1,1,1,1,1,1,1,1,1,1,1,1,1,1,1,2,2,2,3,3,4,4,4,4
882,887,US,USA,Webster,Iowa,US,42.42853483,-94.17987389,"Webster, Iowa, US",0,0,0,0,0,0,0,0,0,0,0,0,0,0,0,0,0,0,0,0,0,0,0,0,0,0,0,0,0,0,0,0,0,0,0,0,0,0,0,0,0,0,0,0,0,0,0,0,0,0,0,0,0,0,0,0,0,0,0,0,0,0,0,0,0,1,1,1,1,1,1,1,1,1,1,1,1,2,2,2,2,2,2,2,2,2,2,3,3,4,3,2,2,4,4,4,4,4,5,5,5,6,6,6,6,8,8,9,9,9,10,10,12,13,13,13,13,13,13,19,20,25,27,27,27,28,29,32,37,39,40,42,43,44,62,74,78,81,82,87,88,90,94,96,97
883,888,US,USA,Winnebago,Iowa,US,43.37751174,-93.73407298,"Winnebago, Iowa, US",0,0,0,0,0,0,0,0,0,0,0,0,0,0,0,0,0,0,0,0,0,0,0,0,0,0,0,0,0,0,0,0,0,0,0,0,0,0,0,0,0,0,0,0,0,0,0,0,0,0,0,0,0,0,0,0,0,0,0,0,0,0,0,0,0,0,0,0,0,0,0,0,0,0,0,1,1,1,1,2,2,2,2,2,2,2,2,2,2,2,2,2,2,2,2,2,2,2,2,2,2,2,2,3,3,3,3,3,3,3,5,5,5,6,6,6,6,7,7,8,9,10,10,10,10,10,11,11,11,11,11,11,11,11,11,11,11,11,12,12,12,12,12,12,12
884,889,US,USA,Winneshiek,Iowa,US,43.29094334,-91.84422722,"Winneshiek, Iowa, US",0,0,0,0,0,0,0,0,0,0,0,0,0,0,0,0,0,0,0,0,0,0,0,0,0,0,0,0,0,0,0,0,0,0,0,0,0,0,0,0,0,0,0,0,0,0,0,0,0,0,0,0,0,0,0,0,1,1,1,1,1,1,1,1,1,2,2,3,3,3,3,4,4,4,4,4,4,4,5,5,5,5,5,5,5,5,5,5,6,6,7,8,9,11,12,24,24,15,15,15,17,17,18,18,18,18,18,18,18,18,18,18,18,18,18,18,18,20,21,20,21,21,21,21,23,23,23,23,23,24,24,24,24,24,24,24,24,24,24,24,25,25,24,24,24
885,890,US,USA,Woodbury,Iowa,US,42.38979414,-96.0459439,"Woodbury, Iowa, US",0,0,0,0,0,0,0,0,0,0,0,0,0,0,0,0,0,0,0,0,0,0,0,0,0,0,0,0,0,0,0,0,0,0,0,0,0,0,0,0,0,0,0,0,0,0,0,0,0,0,0,0,0,0,0,0,0,0,0,0,1,2,2,2,2,3,3,4,4,4,4,7,8,8,8,8,9,11,12,15,18,18,19,20,21,22,25,35,37,44,81,100,120,189,316,409,495,695,728,742,922,1074,1112,1152,1296,1323,1429,1532,1554,1627,1676,1988,2054,2078,2111,2157,2215,2278,2342,2362,2448,2469,2520,2555,2624,2640,2658,2672,2721,2740,2750,2761,2786,2817,2837,2861,2900,2915,2927,2945,2957,2965,2987,2998,3004
886,891,US,USA,Worth,Iowa,US,43.37750768,-93.26087602,"Worth, Iowa, US",0,0,0,0,0,0,0,0,0,0,0,0,0,0,0,0,0,0,0,0,0,0,0,0,0,0,0,0,0,0,0,0,0,0,0,0,0,0,0,0,0,0,0,0,0,0,0,0,0,0,0,0,0,0,0,0,0,0,0,0,0,0,0,0,0,0,0,0,0,0,0,0,0,0,0,0,0,1,1,1,1,1,1,1,1,1,1,1,1,1,1,1,1,1,1,1,1,1,1,1,1,1,1,1,1,1,1,1,1,2,2,2,2,2,2,3,3,3,3,3,3,3,3,3,3,3,3,3,3,3,3,3,3,3,3,3,3,3,4,3,3,4,4,4,4
887,892,US,USA,Wright,Iowa,US,42.73305373,-93.73515113,"Wright, Iowa, US",0,0,0,0,0,0,0,0,0,0,0,0,0,0,0,0,0,0,0,0,0,0,0,0,0,0,0,0,0,0,0,0,0,0,0,0,0,0,0,0,0,0,0,0,0,0,0,0,0,0,0,0,0,0,0,0,0,0,0,0,0,0,0,0,0,1,1,1,1,1,1,1,1,1,1,1,1,1,1,1,1,1,1,1,1,1,1,1,1,1,2,2,2,2,2,2,2,2,4,3,3,3,3,3,4,5,5,6,6,6,6,6,6,6,7,8,14,20,24,45,73,85,98,117,122,124,124,145,153,167,169,178,188,194,212,221,235,242,244,245,263,267,278,285,285
3157,3162,US,USA,Out of IA,Iowa,US,0.0,0.0,"Out of IA, Iowa, US",0,0,0,0,0,0,0,0,0,0,0,0,0,0,0,0,0,0,0,0,0,0,0,0,0,0,0,0,0,0,0,0,0,0,0,0,0,0,0,0,0,0,0,0,0,0,0,0,0,0,0,0,0,0,0,0,0,0,0,0,0,0,0,0,0,0,0,0,0,0,0,0,0,0,0,0,0,0,0,0,0,0,0,0,0,0,0,0,0,0,0,0,0,0,0,0,0,0,0,0,0,0,0,0,0,0,0,0,0,0,0,0,0,0,0,0,0,0,0,0,0,0,0,0,0,0,0,0,0,0,0,0,0,0,0,0,0,0,0,0,0,0,0,0,0
3209,3214,US,USA,Unassigned,Iowa,US,0.0,0.0,"Unassigned, Iowa, US",0,0,0,0,0,0,0,0,0,0,0,0,0,0,0,0,0,0,0,0,0,0,0,0,0,0,0,0,0,0,0,0,0,0,0,0,0,0,0,0,0,0,0,0,0,0,0,0,0,0,0,0,0,0,0,0,0,0,0,0,0,0,2,0,0,0,0,0,0,2,0,0,0,0,0,0,0,0,0,0,0,0,0,0,0,0,1,1,7,2,21,4,3,4,5,6,7,13,20,24,63,95,124,95,0,13,8,17,3,0,5,6,5,8,10,15,8,9,5,8,14,6,2,3,6,2,8,1,1,6,1,1,3,0,0,2,9,4,4,4,4,8,4,5,5
